20200630,150039287,1148917,5,0.9258065,G4Alcatraz,360Video,ERP,7680,3840,10s,29.97fps,crf10,226786k,8bit,H265
20200630,150345511,1335141,5,1.7363136,G4Alcatraz,360Video,ERP,7680,3840,10s,29.97fps,QP22,85273k,8bit,H265
20200630,150455855,1405486,5,0.7130092,G4Alcatraz,360Video,ERP,7680,3840,10s,29.97fps,QP27,47302k,8bit,H265
20200630,145906956,1056586,5,1.5148025,G4Alcatraz,360Video,ERP,7680,3840,10s,29.97fps,QP32,24887k,8bit,H265
20200630,145515282,824912,4,2.3178038,G4Alcatraz,360Video,ERP,7680,3840,10s,29.97fps,QP37,12663k,8bit,H265
20200630,145757223,986853,3,0.7997758,G4Alcatraz,360Video,ERP,7680,3840,10s,29.97fps,QP42,5943k,8bit,H265
20200630,145613879,883509,4,1.0219719,G4Alcatraz,360Video,ERP,6144,3072,10s,29.97fps,crf10,184095k,8bit,H265
20200630,145700459,930089,4,1.6562998,G4Alcatraz,360Video,ERP,6144,3072,10s,29.97fps,QP22,63626k,8bit,H265
20200630,145403828,753458,5,1.2525392,G4Alcatraz,360Video,ERP,6144,3072,10s,29.97fps,QP27,34200k,8bit,H265
20200630,150518723,1428353,3,1.2174667,G4Alcatraz,360Video,ERP,6144,3072,10s,29.97fps,QP32,17993k,8bit,H265
20200630,145602598,872229,3,2.3542755,G4Alcatraz,360Video,ERP,6144,3072,10s,29.97fps,QP37,9157k,8bit,H265
20200630,150101694,1171324,3,0.964916,G4Alcatraz,360Video,ERP,6144,3072,10s,29.97fps,QP42,4179k,8bit,H265
20200630,145450697,800327,4,1.5630075,G4Alcatraz,360Video,ERP,4096,2048,10s,29.97fps,crf10,100813k,8bit,H265
20200630,150014891,1124521,4,1.0072928,G4Alcatraz,360Video,ERP,4096,2048,10s,29.97fps,QP22,35367k,8bit,H265
20200630,150112774,1182404,3,0.9545777,G4Alcatraz,360Video,ERP,4096,2048,10s,29.97fps,QP27,19339k,8bit,H265
20200630,145439014,788644,4,1.8483916,G4Alcatraz,360Video,ERP,4096,2048,10s,29.97fps,QP32,10134k,8bit,H265
20200630,150506873,1416503,2,0.8885892,G4Alcatraz,360Video,ERP,4096,2048,10s,29.97fps,QP37,4943k,8bit,H265
20200630,145941170,1090800,2,0.8194582,G4Alcatraz,360Video,ERP,4096,2048,10s,29.97fps,QP42,2081k,8bit,H265
20200630,150358022,1347652,5,2.4021597,G4Alcatraz,360Video,ERP,3600,1800,10s,29.97fps,crf10,82617k,8bit,H265
20200630,145427028,776659,4,1.550203,G4Alcatraz,360Video,ERP,3600,1800,10s,29.97fps,QP22,29210k,8bit,H265
20200630,145538381,848011,3,1.433665,G4Alcatraz,360Video,ERP,3600,1800,10s,29.97fps,QP27,16033k,8bit,H265
20200630,145917949,1067579,3,0.878428,G4Alcatraz,360Video,ERP,3600,1800,10s,29.97fps,QP32,8356k,8bit,H265
20200630,145809175,998805,3,1.8429917,G4Alcatraz,360Video,ERP,3600,1800,10s,29.97fps,QP37,4007k,8bit,H265
20200630,145722987,952617,2,0.8307796,G4Alcatraz,360Video,ERP,3600,1800,10s,29.97fps,QP42,1641k,8bit,H265
20200630,150247293,1276923,2,0.9567653,G4Alcatraz,360Video,ERP,2048,1024,10s,29.97fps,crf10,31544k,8bit,H265
20200630,145820267,1009897,2,1.0467243,G4Alcatraz,360Video,ERP,2048,1024,10s,29.97fps,QP22,11608k,8bit,H265
20200630,150050044,1159675,2,0.7087442,G4Alcatraz,360Video,ERP,2048,1024,10s,29.97fps,QP27,6386k,8bit,H265
20200630,145842305,1031935,2,0.9443696,G4Alcatraz,360Video,ERP,2048,1024,10s,29.97fps,QP32,3200k,8bit,H265
20200630,145745104,974734,2,0.7964173,G4Alcatraz,360Video,ERP,2048,1024,10s,29.97fps,QP37,1421k,8bit,H265
20200630,150420494,1370125,1,1.3006666,G4Alcatraz,360Video,ERP,2048,1024,10s,29.97fps,QP42,518k,8bit,H265